path,title,year,edition,section,sport,data_sources,sdv_packages_named,sdv_snippet,related_ecosystems_named,related_ecosystems_snippet,code_linked,code_url,sdv_verdict,sdv_path,pdf_status
md/library/journals/Wharton Sports Analytics Journal/2022/2022 - Analyzing the Value of Starting Pitchers vs Relief Pitchers in MLB - Jha et al.md,Analyzing the Value of Starting Pitchers vs Relief Pitchers in MLB,2022,Spring 2022,,MLB,FanGraphs 2019 reliever leaderboards; Baseball-Reference 2019 starter/reliever pitching; Spotrac payrolls; USA Today 2019 salaries,,,,,no,,none,gap: MLB payroll/AAV and FanGraphs/B-Ref pitcher WAR (Stats API covers only innings and ERA),not committed (over 25 MB)
md/library/journals/Wharton Sports Analytics Journal/2022/2022 - Creating a Better Pythagorean Expectation for Basketball - Zhuang et al.md,Creating a Better Pythagorean Expectation for Basketball,2022,Spring 2022,,NBA,unstated (team offensive and defensive ratings per 100 possessions),,,,,no,,partial,load_nba_team_boxscore (2002+) to compute ORtg/DRtg; gap: pre-2002 seasons for the all-time team rankings,committed
md/library/journals/Wharton Sports Analytics Journal/2022/2022 - Finding the NBA Draft Diamonds in the Rough - Batra et al.md,Finding the NBA Draft Diamonds in the Rough,2022,Spring 2022,,NBA,Basketball-Reference college and NBA statistics for 2007-2016 draftees with 100+ NBA games; draftsite.com 2020 mock draft,,,,,no,,partial,load_mbb_player_box + load_nba_player_box (2002+) and NBA draft tables; gap: B-Ref Win Shares (college and NBA) must be reimplemented,not committed (over 25 MB)
md/library/journals/Wharton Sports Analytics Journal/2022/2022 - Go For It A Data Driven Analysis of NFL 4th Downs - Lerman et al.md,Go For It? A Data Driven Analysis of NFL 4th Downs,2022,Spring 2022,,NFL,NFL play-by-play 2009-2019 (source unstated); an online first-and-10 expected points formula,,,,,no,,full,load_nfl_pbp 2009-2019 + calculate_expected_points; get_4th_down_probs gives the full decision surface,committed
md/library/journals/Wharton Sports Analytics Journal/2022/2022 - Home Field Advantage in English Premier League - Aird et al.md,Home Field Advantage in English Premier League,2022,Spring 2022,,soccer,unstated (EPL 2016-17 to 2018-19 match results and attendance),,,,,no,,full,ESPN soccer EPL schedule/scoreboard plus parse_soccer_summary game_info (attendance) for 2016-19,committed
"md/library/journals/Wharton Sports Analytics Journal/2022/2022 - Hot Hand Fallacy, Fallacy, Fallacy - Babitz.md","Hot Hand Fallacy, Fallacy, Fallacy",2022,Spring 2022,,multi-sport,"Gilovich, Vallone & Tversky (1985) Cornell shooting data (26 players x 100 shots); PGA Tour ShotLink 2019 putting with strokes gained",,,,,no,,none,gap: controlled-shooting experiment data and PGA ShotLink are outside SDV,committed
md/library/journals/Wharton Sports Analytics Journal/2022/2022 - How Rare is Pete Alonso s 53 Home Run Season - Burlant et al.md,How Rare is Pete Alonso’s 53 Home Run Season?,2022,Spring 2022,,MLB,unstated,,,,,no,,partial,gap: no Lahman or rookie flags; MLB Stats API season stats could rebuild rookie HR totals,committed
md/library/journals/Wharton Sports Analytics Journal/2022/2022 - In a Rush to Pass NFL Teams Pass on Rushing - Cramer et al.md,In a Rush to Pass: NFL Teams Pass on Rushing,2022,Spring 2022,,NFL,nflscrapR-data (ryurko GitHub); Football Outsiders Adjusted Line Yards and Adjusted Sack Rate; Sharp Football Stats,,,nflscrapR,"nflscrapR: ""ere is such a thing as too much passing Sources Data Sources: https://github.com/ryurko/nflscrapR-data https://www.footballoutsiders.com/ https://www.sharpfootballstats.com/rushing-succes""",no,,partial,load_nfl_pbp (nflscrapR-era seasons) for success rate and EPA; gap: Football Outsiders Adjusted Line Yards and Adjusted Sack Rate,committed
md/library/journals/Wharton Sports Analytics Journal/2022/2022 - Optimal Pitch Spin Rate and Velocity to Maximize Whiff Rate - Park et al.md,Optimal Pitch: Spin Rate & Velocity to Maximize Whiff Rate,2022,Spring 2022,,MLB,"Baseball Savant Statcast leaderboards (pitch velocity, spin rate, whiff rate by pitch type; season not stated, ~2019)",,,,,no,,full,mlb_statcast leaderboard functions (pitch arsenal/spin) or mlb_statcast_search pitch rows aggregated by pitcher,committed
md/library/journals/Wharton Sports Analytics Journal/2022/2022 - Predicting Winners in Cricket Introducing Sports Analytics to One of the World s Most-Watched Sports - Liu et al.md,Predicting Winners in Cricket: Introducing Sports Analytics to One of the World’s Most-Watched Sports,2022,Spring 2022,,cricket,"ESPNcricinfo ODI records and scorecards, 2000-early 2021 (scraped)",,,,,no,,partial,ESPN cricket scoreboard/summary wrappers for match results; historical ODI 2000-2021 coverage unverified,committed
md/library/journals/Wharton Sports Analytics Journal/2022/2022 - Quantifying NBA play style drift using Finite Mixture Multinomial model - Castle et al.md,Quantifying NBA play style drift using Finite Mixture Multinomial model,2022,Spring 2022,,NBA,"Basketball Reference player shot-location make counts (rim, short, mid, deep mid, three) 1999-2020, scraped with rvest",,,,,no,,full,nba_stats_shotchartdetail (1996-97+) binned by SHOT_DISTANCE; residential IP needed,committed
md/library/journals/Wharton Sports Analytics Journal/2022/2022 - Rocket League esports - Lee et al.md,Rocket League: esports,2022,Spring 2022,,esports,"Ballchasing.com Rocket League replay data (4,328 2v2 games above Platinum 3, 657,897 frames); carball Python replay decompiler; RLCS replays scraped from Ballchasing",,,,,no,,none,gap: esports replay/positional data are outside SDV,committed
md/library/journals/Wharton Sports Analytics Journal/2022/2022 - Seattle Kraken Expansion Draft Strategic Approaches - Malter et al.md,Seattle Kraken Expansion Draft: Strategic Approaches,2022,Spring 2022,,NHL,"Hockeyabstract.com (Rob Vollman 2016-17 player data); Hockey-Reference (2018-19 advanced data); NHL.com (2018-19 player data, Vegas expansion protected list)",,,,,no,,partial,"nhl_stats_rest skater/goalie reports + load_nhl_pbp for TOI, Corsi, xG; gap: contracts, NMCs and expansion protected lists",not committed (over 25 MB)
md/library/journals/Wharton Sports Analytics Journal/2022/2022 - Stolen Bases are Disappearing as Baseball Become More Analytical - Yellin et al.md,Stolen Bases are Disappearing as Baseball Become More Analytical,2022,Spring 2022,,MLB,"FanGraphs; Baseball Savant; Lahman Database (2019 season, players with >100 PA)",,,,,no,,partial,"MLB Stats API player season stats (SB, CS, R) + Statcast sprint-speed leaderboard; gap: FanGraphs wSB and Spd, Lahman",committed
md/library/journals/Wharton Sports Analytics Journal/2022/2022 - Introducing Grid WAR Rethinking WAR for Starting Pitchers - Brill et al.md,Introducing Grid WAR: Rethinking WAR for Starting Pitchers,2022,Fall 2022,,MLB,Retrosheet play-by-play event files 1990-2020 (cleaned plate-appearance data shared on Box/Dropbox); FanGraphs 2019 starting-pitcher WAR leaderboard,,,Retrosheet,"Retrosheet: ""f and g In this section, we estimate f , wrep, and g. To do so, we use data scraped from Retrosheet (2021). Our cleaned data is freely available for download on Dropbox (Brill, 2021). ## 4""",yes,https://github.com/snoopryan123/grid_war,partial,mlb_pbp / mlb_play_by_play give PA-level base-out states for 2010-2019; gap: no Retrosheet loader for 1990-2009 and no FanGraphs fWAR,committed
md/library/journals/Wharton Sports Analytics Journal/2022/2022 - Is Everton s One-Season Drop Off Due to Random or Structural Factors - Bal et al.md,Is Everton’s One-Season Drop Off Due to Random or Structural Factors?,2022,Fall 2022,,soccer,unstated,,,,,no,,partial,"ESPN EPL schedule + parse_soccer_summary team stats (goals, corners, shots on target); gap: transfer spend",committed
md/library/journals/Wharton Sports Analytics Journal/2022/2022 - Is the MLB Picking the Right Umpires for the World Series - Fischer et al.md,Is the MLB Picking the Right Umpires for the World Series?,2022,Fall 2022,,MLB,"unstated (umpire age, ball-strike accuracy and consistency, 2018-2021)",,,,,no,,partial,mlb_statcast_search called pitches + Stats API game officials could rebuild accuracy/consistency; gap: umpire ages and the unnamed scorecard series,committed
md/library/journals/Wharton Sports Analytics Journal/2022/2022 - Predicting Career Wins Above Replacement from Rookie Stats in Baseball Addressing the Esteban German Dilemma - Blumenstein et al.md,Predicting Career Wins Above Replacement from Rookie Stats in Baseball: Addressing the Esteban German Dilemma,2022,Fall 2022,,MLB,"FanGraphs rookie and career batting stats (2003-2015 training, 2016-2018 validation); MLB.com 2021 ROY voting",,,,,no,,none,"gap: FanGraphs WAR, defense and hard/soft-hit rates for 2003-2022 (no FanGraphs/Lahman; Statcast only from 2015)",committed
md/library/journals/Wharton Sports Analytics Journal/2022/2022 - Predicting the Quarterback-MVP in the NFL - Brill et al.md,Predicting the Quarterback-MVP in the NFL,2022,Fall 2022,,NFL,nflfastR play-by-play 2003-2020 aggregated to QB seasons; Wikipedia AP NFL MVP list,,,nflfastR,"nflfastR: ""e a model that selects the QB­MVP. We begin by assembling a dataset of QB statistics from nflfastR [2], which contains play­by­play data. We aggregate the play­by­play data into season­lev""",yes,https://github.com/snoopryan123/QBMVP,partial,load_nfl_pbp 2003-2020 aggregated to QB seasons; gap: AP MVP winner labels (small hand-entered table),committed
md/library/journals/Wharton Sports Analytics Journal/2022/2022 - Running to Runs the Importance of Baserunning - Patel et al.md,Running to Runs: the Importance of Baserunning,2022,Fall 2022,,MLB,"FanGraphs team BsR and runs, 2002-2021",,,,,no,,partial,MLB Stats API standings/team stats for runs and wins; gap: FanGraphs BsR (wSB/UBR/wGDP) history,committed
"md/library/journals/Wharton Sports Analytics Journal/2022/2022 - Stars Matter an Analysis of College Football Recruiting, Development, and Draft Success - Kessman et al.md","Stars Matter: an Analysis of College Football Recruiting, Development, and Draft Success",2022,Fall 2022,,CFB,247Sports Composite recruiting class ratings; CollegeFootballData.com NFL draft data,,,,,no,,full,sportsdataverse.cfb.sports247 recruiting rankings + load_nfl_draft_picks (or cfbfastR cfbd_recruiting/cfbd_draft_picks),committed
md/library/journals/Wharton Sports Analytics Journal/2022/2022 - The 2021-2022 Liaoning Flying Leopards The Best Championship Team in Franchise History - Yue et al.md,The 2021-2022 Liaoning Flying Leopards: The Best Championship Team in Franchise History,2022,Fall 2022,,basketball,Basketball-Reference CBA China team stats,,,,,no,,none,gap: Chinese Basketball Association data not in SDV,committed
md/library/journals/Wharton Sports Analytics Journal/2022/2022 - The Importance of Break Point Percentage - Yu et al.md,The Importance of Break Point Percentage,2022,Fall 2022,,tennis,"Jeff Sackmann tennis_atp atp_matches_2021.csv (2,385 matches)",,,,,no,,none,gap: no tennis data in SDV,committed
"md/library/journals/Wharton Sports Analytics Journal/2022/2022 - Whether Weather, Wind Speed and Temperature, Impacts Offensive Success in the NFL - Parks et al.md","Whether Weather, Wind Speed and Temperature, Impacts Offensive Success in the NFL",2022,Fall 2022,,NFL,"nflfastR play-by-play (weather string, 2014 onward)",,,nflfastR,"nflfastR: ""fficiency? ● Our x variable for each study was various weather conditions as recorded by nflfastR ● It is important to note that our study does not take into account the possibility of w""",no,,full,load_nfl_pbp weather/temp/wind fields with EPA,committed
md/library/journals/Wharton Sports Analytics Journal/2022/2022 - Zero Running Backs or Zero Points An Analysis on the Optimal Fantasy Football Draft Strategy - Heller et al.md,Zero Running Backs or Zero Points: An Analysis on the Optimal Fantasy Football Draft Strategy,2022,Fall 2022,,NFL,FantasyFootballCalculator PPR 12-team ADP (mean and SD); FantasyData season fantasy points; APEX Fantasy injury blog,,,,,no,,partial,load_nfl_player_stats supplies PPR fantasy points; gap: historical ADP and its SD (load_nfl_ff_rankings ECR is only a proxy),committed
md/library/journals/Wharton Sports Analytics Journal/2023/2023 - An Investigation of Sports Betting Selection and Sizing - Beggy et al.md,An Investigation of Sports Betting Selection and Sizing,2023,Spring 2023,,soccer,"Multi-bookmaker 1X2 odds and results dataset from Kaunitz et al., 'Beating the bookies with their own numbers' (filtered to the top five European leagues)",,,,,no,,none,gap: historical multi-book soccer odds (The Odds API history is paid and starts 2020),committed
md/library/journals/Wharton Sports Analytics Journal/2023/2023 - Calculating NBA MVPs Using Advanced Sports Analytics - Shen et al.md,Calculating NBA MVPs Using Advanced Sports Analytics,2023,Spring 2023,,NBA,"Basketball-Reference (PER, Win Shares, TS%, ORtg/DRtg, USG%, MVP voting); NBA.com",,,,,no,,partial,load_nba_player_boxscore 2006-2023 to recompute TS%/USG%/PER; gap: official Basketball-Reference PER and Win Shares,committed
md/library/journals/Wharton Sports Analytics Journal/2023/2023 - Effect of Increased Three-point Shot Attempts on Probability of Winning in High School Basketball - Kostacos.md,Effect of Increased Three-point Shot Attempts on Probability of Winning in High School Basketball,2023,Spring 2023,,basketball,"One men's high school team's two- and three-point attempts, makes and outcomes over one season (23 games), self-recorded; team unnamed",,,,,no,,none,gap: high school box scores are outside SDV,committed
https://wsb.wharton.upenn.edu/predicting-march-madness-cinderella-teams/,Predicting March Madness Cinderella Teams,2023,Spring 2023,,MBB,unstated ('power scores'; historical seed odds),,,,,no,,partial,load_mbb_schedule / load_mbb_team_boxscore for results; gap: the unstated 'power scores' rating source,none (the article page links the Fall 2023 defensive-line paper's PDF)
md/library/journals/Wharton Sports Analytics Journal/2023/2023 - Why Did They Succeed A World Cup 2022 Analysis - Lim et al.md,Why Did They Succeed? A World Cup 2022 Analysis,2023,Spring 2023,,soccer,Kaggle 'Performance Attributes' 2022 World Cup team data; FIFA World Cup 2022 rankings; player salary,,,,,no,,none,"gap: xA, goal-creating actions, xG +/- and salaries (ESPN soccer gives results and basic stats only)",committed
md/library/journals/Wharton Sports Analytics Journal/2023/2023 - A Research Study on Formula One Determining the Effectiveness of Drivers Based on Their Experience - Felix-Padilla.md,A Research Study on Formula One: Determining the Effectiveness of Drivers Based on Their Experience,2023,Fall 2023,,F1,"Kaggle Formula 1 database (Vopani, 2020) race results 2005-2019; driver salaries as reported by news outlets (Renken, 2020)",,,,,no,,none,gap: SDV covers no Formula 1 results or driver salaries,committed
md/library/journals/Wharton Sports Analytics Journal/2023/2023 - Algorithmic NBA Player Acquisition - Brill et al.md,Algorithmic NBA Player Acquisition,2023,Fall 2023,,NBA,NBA.com player and lineup tracking stats; Basketball-Reference; CraftedNBA; DARKO pre-season ratings; HoopsHype salaries; Ramiro Bentes GitHub 2022-23 play-by-play with lineups,,,,,no,,partial,"nba_possessions + nba_stats tracking and lineup dashboards (drives, touches, catch-and-shoot, post-ups, leaguedashlineups); gap: DARKO ratings, HoopsHype salaries, CraftedNBA wingspans",committed
md/library/journals/Wharton Sports Analytics Journal/2023/2023 - Are Surprise Teams in the MLB in 2023 More Surprising - Federico et al.md,Are “Surprise Teams” in the MLB in 2023 More Surprising?,2023,Fall 2023,Rookie Review,MLB,unstated,,,,,no,,partial,"MLB Stats API standings (W-L, runs scored/allowed as of a date) for win% and Pythagorean win%; gap: team and active payrolls",committed
md/library/journals/Wharton Sports Analytics Journal/2023/2023 - More Than The Sum of Their Parts Evaluating Defensive Line Construction and Deployment - Shah et al.md,More Than The Sum of Their Parts: Evaluating Defensive Line Construction and Deployment,2023,Fall 2023,,NFL,"Sports Info Solutions (SIS) 2022 NFL charting data from the Syracuse 2023 NFL Blitz Competition (DL technique alignment, pressures, SIS Total Points); Pro-Football-Reference and nflcombineresults.com combine data",,,,,no,,partial,load_nfl_pbp_participation + load_nfl_pbp + load_nfl_combine + load_nfl_contracts; gap: SIS technique alignment and Total Points,committed
md/library/journals/Wharton Sports Analytics Journal/2023/2023 - Optimal Rest Days for Pitchers Maximizing Performance and Wins - Zilberman et al.md,Optimal Rest Days for Pitchers: Maximizing Performance and Wins,2023,Fall 2023,,MLB,"Stathead player pitching game finder, Statcast era 2015-2022 (about 6,000 starts)",,,,,no,,full,MLB Stats API game logs/boxscores 2015-2022 (mlb_api wrappers) for rest days and FIP components,committed
md/library/journals/Wharton Sports Analytics Journal/2023/2023 - Optimal Strategy for Defensive Pressure in American Football Insights from an Expected Sack Model - Seth.md,Optimal Strategy for Defensive Pressure in American Football: Insights from an Expected Sack Model,2023,Fall 2023,,NFL,"NFL Big Data Bowl data, 2021 weeks 1-8 (plays, players, PFF scouting data, NGS tracking at snap)",,,nflfastR,"nflfastR: ""e of use in the dashboard, with careful consideration given to potential features such as nflfastR's expected pass, player technique, and indicators for double mug looks that could have be""",no,,none,gap: NGS tracking frames and PFF charting (Big Data Bowl) not in SDV,committed
md/library/journals/Wharton Sports Analytics Journal/2023/2023 - Serving to Win A Statistical Exploration of Optimal Serves in Beach Volleyball - Zeng.md,Serving to Win: A Statistical Exploration of Optimal Serves in Beach Volleyball,2023,Fall 2023,,volleyball,"FIVB 2022 women's Beach Pro Tour (Elite 16, Challenge, Finals) and World Championships contact-level data provided by a USA Beach Volleyball performance analyst (~1.6M rows, ~200,000 serves)",,,,,no,,none,gap: proprietary FIVB beach volleyball contact data; SDV has no volleyball,committed
md/library/journals/Wharton Sports Analytics Journal/2023/2023 - Sidelined Using Natural Language Processing to Investigate Gender Bias in Basketball Sports Journalism - Yellin.md,Sidelined: Using Natural Language Processing to Investigate Gender Bias in Basketball Sports Journalism,2023,Fall 2023,,basketball,ESPN.com team pages scraped 2022-12-29 (article text from 363 NCAAM and 361 NCAAW team homepages); ESPN team player statistics; AFINN sentiment lexicon,,,,,yes,https://github.com/nateyellin,none,gap: ESPN team-homepage article corpus; only the player stats are available (load_mbb_player_box / load_wbb_player_box),committed
md/library/journals/Wharton Sports Analytics Journal/2024/2024 - A Holistic Examination of Streakiness and Consistency in Major League Baseball - Feder.md,A Holistic Examination of Streakiness and Consistency in Major League Baseball,2024,Spring 2024,,MLB,MLB Statcast 2023 at-bat and pitch-level outcomes via baseballr; Baseball Reference 2023 season stats via baseballr,baseballr,"baseballr: ""stats for the 2023 223 MLB season were scraped from Baseball Reference20, both using the baseballr21 package in R. 224 Analysis was restricted to batters who compiled at least 500 plate a""",,,yes,https://github.com/c25rf/MLB-Streak-Project/tree/main,full,"mlb_statcast_search for 2023 pitch/PA rows plus MLB Stats API player season stats (RBI, AVG, ERA)",committed
md/library/journals/Wharton Sports Analytics Journal/2024/2024 - Analysis of Success Probabilities in Field Hockey with Machine Learning - Lee.md,Analysis of Success Probabilities in Field Hockey with Machine Learning,2024,Spring 2024,,field hockey,"Northeastern University field hockey 2023 play-by-play scraped from the Northeastern athletics website; manually recorded home/away, score difference and penalty-corner context (18 matches, 270 shots)",,,,,referenced,,none,gap: no field hockey data in SDV,committed
md/library/journals/Wharton Sports Analytics Journal/2024/2024 - Analyzing Force in Tackling with the Creation of the Force Over Expected Metric - Yoo et al.md,Analyzing Force in Tackling with the Creation of the Force Over Expected Metric,2024,Spring 2024,,NFL,"NFL Big Data Bowl 2024 tracking, plays, players and tackles data (2022 weeks 1-9)",,,,,no,,none,gap: no player tracking frames (Big Data Bowl),committed
md/library/journals/Wharton Sports Analytics Journal/2024/2024 - Evaluating the Impact of Special Teams on Winning - Ladden et al.md,Evaluating the Impact of Special Teams on Winning,2024,Spring 2024,,NFL,nflfastR / nflverse-data play-by-play 1999-2022; Pro-Football-Reference OSRS and DSRS,,,nflverse; nflfastR,"nflverse: ""r Game | TeamRankings.com. (n.d.). https://www.teamrankings.com/nfl/stat/points-per-game Nflverse. (n.d.). Nflverse/nflverse-DATA: Automated nflverse Data Repository. GitHub. https://gith"" | nflfastR: ""ams compared to offense and defense. Employing data from the 1999-2022 NFL seasons in the nflfastR 3 database, we developed a new calculation for Expected Points Added (EPA) to accurately""",no,,partial,load_nfl_pbp (1999-2022); gap: PFR OSRS/DSRS (recomputable from load_nfl_schedule),committed
md/library/journals/Wharton Sports Analytics Journal/2024/2024 - Exploring the Evolution of the NFL Draft Pick Trade Market Over Time - Nathanson.md,Exploring the Evolution of the NFL Draft Pick Trade Market Over Time,2024,Spring 2024,,NFL,Pro Sports Transactions Archive draft-pick trades 1983-2023 (856 pick-only trades),,,,,no,,partial,load_nfl_trades + load_nfl_draft_picks (2002+); gap: pre-2002 trades,committed
"md/library/journals/Wharton Sports Analytics Journal/2024/2024 - High Value Football Transfers A Win or Loss Correlation of High Value Football Transfers, with their Subsequent Performances - Mittal.md","High Value Football Transfers: A Win or Loss? Correlation of High Value Football Transfers, with their Subsequent Performances",2024,Spring 2024,,soccer,"Transfermarkt (transfer fees, market values, destination country) for top-10 transfers per position, 2017/18-2019/20",,,,,no,,none,gap: transfer fees and Transfermarkt market values are not in SDV,committed
md/library/journals/Wharton Sports Analytics Journal/2024/2024 - Quantifying NFL Quarterback Aggressiveness Using aDOT Over Expected (AYOE) - Vignesh.md,Quantifying NFL Quarterback Aggressiveness Using aDOT Over Expected (AYOE),2024,Spring 2024,,NFL,"nflverse/nflfastR play-by-play 2014-2023 (load_pbp, calculate_player_stats)",,,nflverse; nflfastR,"nflverse: ""venting overfitting through the use of multiple parameters in the XGBoost method). Using nflverse data with the nflfastR library, the play by play data is extracted through the load_pbp f"" | nflfastR: ""ough the use of multiple parameters in the XGBoost method). Using nflverse data with the nflfastR library, the play by play data is extracted through the load_pbp function from 2014 to 20""",yes,https://github.com/amritvignesh/NFL-QB-AYOE-Final,full,load_nfl_pbp 2014-2023 + load_nfl_player_stats weekly receiving EPA,committed
md/library/journals/Wharton Sports Analytics Journal/2024/2024 - SET Spatial Edge Technique A Framework to Evaluate Edge Setters - Bhatia et al.md,SET: Spatial Edge Technique – A Framework to Evaluate Edge Setters,2024,Spring 2024,,NFL,NFL Big Data Bowl 2024 tracking data (2022 weeks 1-9); nflfastR play-by-play (run gap),,,nflfastR,"nflfastR: ""ation once the runner passed the line of scrimmage or was tackled, whichever came first. NFL FastR’s play-by-play data includes a run gap variable with end, tackle, guard, and middle as th""",yes,https://github.com/vrnb/NFL-BIG-DATA-BOWL---SET-score,none,gap: Big Data Bowl tracking frames; only run gap/location via load_nfl_pbp,committed
md/library/journals/Wharton Sports Analytics Journal/2024/2024 - The Sharpe Ratio and Hitter Evaluation A New Application of Modern Portfolio Theory - Knight.md,The Sharpe Ratio and Hitter Evaluation: A New Application of Modern Portfolio Theory,2024,Spring 2024,,baseball,"unstated (MLB hitter seasons 2015-2023, 300+ PA, with K%, OBP/xOBP, Barrel%; 2023 ACC college hitter exit-velocity and swing/take data); 2024 Steamer projections",,,,,no,,partial,"mlb_statcast leaderboards (expected stats, batted-ball/barrel) + Stats API season lines cover the MLB year-over-year part; gap: NCAA/ACC exit-velocity and plate-discipline data, Steamer projections",committed
md/library/journals/Wharton Sports Analytics Journal/2024/2024 - Understanding the Relationship Between Mental Health Literacy and Grit in a Sample of High School Female Athletes - Hone.md,Understanding the Relationship Between Mental Health Literacy and Grit in a Sample of High School Female Athletes,2024,Spring 2024,,multi-sport,"Anonymous Qualtrics survey (modified MMHLM, Short Grit Scale, MTQ48 challenge/commitment items) of 48 female high-school students in rural Utah, Feb-Mar 2022",,,,,no,,none,gap: private psychometric survey of high-school athletes,committed
md/library/journals/Wharton Sports Analytics Journal/2024/2024 - Using a Novel Metric of Expected Points Above Average (EPAA) Versus Salary to Assess 2023 National Football League Kicker Value - Gandhi.md,Using a Novel Metric of Expected Points Above Average (EPAA) Versus Salary to Assess 2023 National Football League Kicker Value,2024,Spring 2024,,NFL,"nflfastR v2.3.1 play-by-play 2015-2023 (field goals and extra points, weather fields); Over The Cap; Spotrac 2023 kicker salaries",,,nflfastR,"nflfastR: ""ary 107 cap-constrained environment. 111 4 112 113 Methods 114 115 Data 116 I used the nflfastR (v2.3.1) dataset, which contains play-by-play data beginning in 1998. From 117 the packag""",no,,partial,load_nfl_pbp (kicks with weather 2015-2023) + load_nfl_contracts (OTC APY); gap: season-specific 2023 cap-hit/cash salaries,committed
md/library/journals/Wharton Sports Analytics Journal/2024/2024 - Beyond the Boundary Revolutionizing the IPL MVP Index - Rajaram et al.md,Beyond the Boundary: Revolutionizing the IPL MVP Index,2024,Fall 2024,,cricket,"Cricsheet ball-by-ball match data; official IPL website (team results, MVP ratings, fielding statistics); IPL 2021-2024",,,,,no,,partial,"parse_cricket_summary batting/bowling aggregates per IPL match summed to seasons; gap: Cricsheet ball-by-ball, official IPL MVP ratings and fielding tables",committed
md/library/journals/Wharton Sports Analytics Journal/2024/2024 - Calculating Win Probabilities of Any Matchup of Soccer Teams A Whole-History Rating Approach for the Wharton High School Data Science Compet - Seung et al.md,Calculating Win Probabilities of Any Matchup of Soccer Teams: A Whole-History Rating Approach for the Wharton High School Data Science Competition,2024,Fall 2024,,soccer,"Wharton High School Data Science Competition dataset: 476 games of the fictional North American Soccer League (outcomes, xG, home/away, possession, shots, corners, penalties)",,,,,no,,none,"gap: fictional competition league data, not a real league",committed
md/library/journals/Wharton Sports Analytics Journal/2024/2024 - Clutch Matches Are In The Middle Optimizing OPR with Weighted Least Squares - Krotkov et al.md,Clutch Matches Are In The Middle: Optimizing OPR with Weighted Least Squares,2024,Fall 2024,,other,FIRST Robotics Competition district-event qualification matches 2009-2024 (alliance lineups and final scores; data file built by a scoutR script),,,,,referenced,,none,gap: no FIRST Robotics Competition data in SDV,committed
md/library/journals/Wharton Sports Analytics Journal/2024/2024 - College Basketball An In-depth Study of the Foul Up 3 Dilemma - Zapata-Hall.md,College Basketball: An In-depth Study of the “Foul Up 3” Dilemma,2024,Fall 2024,,MBB,"NCAA website play-by-play, Division I MBB 2010-2022 (scraped with Python, 58,000+ games); anonymous survey of 163 MBB coaches",,,,,yes,https://github.com/julianzapatahall/CBB_Up3FoulStudy,full,load_mbb_pbp 2010-2022 or ncaa_mbb_* stats.ncaa.org PBP; shot clock derived from PBP timing,committed
md/library/journals/Wharton Sports Analytics Journal/2024/2024 - Examining regional and familiarity bias of referees in USA Fencing Division I bouts - Lipkovitz.md,Examining regional and familiarity bias of referees in USA Fencing Division I bouts,2024,Fall 2024,,fencing,"USA Fencing official results website (usfencingresults.org), Division I pool bouts Oct 2012-Dec 2019, web-scraped",,,,,no,,none,gap: fencing is not covered by SDV,committed
md/library/journals/Wharton Sports Analytics Journal/2024/2024 - Expected Value Curves Don t Tell the Full Story Exploring NFL Draft Position Trade Value Curves - Zilberman et al.md,Expected Value Curves Don’t Tell the Full Story: Exploring NFL Draft Position Trade Value Curves,2024,Fall 2024,,NFL,nflreadr draft picks 1997-2024 with second-contract APY as a percentage of the salary cap,,,,,no,,full,load_nfl_draft_picks + load_nfl_contracts (apy_cap_pct),committed
md/library/journals/Wharton Sports Analytics Journal/2024/2024 - Exploring various NBA draft value curves - Bewtra et al.md,Exploring various NBA draft value curves,2024,Fall 2024,,NBA,"NBA draft picks 2010-2021 with career BPM (Basketball-Reference), RAPTOR (FiveThirtyEight) and WAR; career salary as a share of the max contract (dataset in the repo)",,,,,yes,https://github.com/snoopryan123/NBA_draft_curves_Joey,partial,NBA hosted draft table + nba_bpm recreation; gap: salary/contract history and 538 RAPTOR/WAR,committed
md/library/journals/Wharton Sports Analytics Journal/2024/2024 - To Go for Two or Not to Go for Two A Statistical Analysis of the Biggest Prisoner s Dilemma in the National Football League - Venkatesh et al.md,To Go for Two or Not to Go for Two? A Statistical Analysis of the Biggest Prisoner’s Dilemma in the National Football League,2024,Fall 2024,,NFL,nflfastR play-by-play 2006-2023,,,nflfastR,"nflfastR: ""ile the other examined extra points. We utilized NFL play-by-play data from the R package nflfastR that spanned from 2006 to 2023, dividing it into two distinct periods: before and after t""",no,,full,load_nfl_pbp(2006-2023) extra-point and two-point attempt rows,committed
md/library/journals/Wharton Sports Analytics Journal/2025/2025 - Adjusting Double Poisson Models to Predict the NCAA Division I Softball Championship - Smith et al.md,Adjusting Double Poisson Models to Predict the NCAA Division I Softball Championship,2025,Spring 2025,,softball,stats.ncaa.org 2024 NCAA Division I softball game-by-game results (purpose-built Python scraper); 2024 NCAA tournament bracket,,,,,no,,full,softballR::load_ncaa_softball_scoreboard / ncaa_softball_season_scoreboard (stats.ncaa.org) for 2024 D-I results,committed
md/library/journals/Wharton Sports Analytics Journal/2025/2025 - Analyze Tennis Winning Factors Across Different Surfaces By Utilizing Random Forest - Deng.md,Analyze Tennis Winning Factors Across Different Surfaces By Utilizing Random Forest,2025,Spring 2025,,tennis,"Jeff Sackmann Grand Slam point-by-point data on GitHub (US Open 2018-19, 2023-24; Wimbledon 2021-24; French Open 2015-16)",,,,,no,,none,gap: tennis is not covered by SDV,committed
md/library/journals/Wharton Sports Analytics Journal/2025/2025 - Deal or No Deal How NFL Teams May Be Better Off in the Draft - Vinchurkar.md,Deal or No Deal? – How NFL Teams May Be Better Off in the Draft,2025,Spring 2025,,NFL,NFL official draft data; Spotrac free-agent moves and salary cap; Forbes and Statista team revenue/valuation; metro GDP and disposable income (source unnamed); ESPN/The Athletic/Medium articles; Arrowhead Pride draft hit rates,,,,,no,,partial,load_nfl_draft_picks + load_nfl_schedules + load_nfl_contracts; gap: Forbes team revenue and metro economic data,committed
md/library/journals/Wharton Sports Analytics Journal/2025/2025 - Defensive Motor Index (DMI) A New Metric for Evaluating Defensive Effort and Impact in the NBA - Gurijala.md,Defensive Motor Index (DMI): A New Metric for Evaluating Defensive Effort and Impact in the NBA,2025,Spring 2025,,NBA,NBA.com Hustle Stats 2023-24; Synergy Sports; SportVU player tracking; NBA.com and PBP Stats play-by-play,,,,,no,,partial,nba_stats_* hustle and PBP endpoints cover deflections/loose balls/contests; gap: Synergy play-type grades and raw tracking,committed
md/library/journals/Wharton Sports Analytics Journal/2025/2025 - Stats and Stumps Using Machine Learning to Predict T20I Matches with Player and Venue Data - Sharma.md,Stats & Stumps: Using Machine Learning to Predict T20I Matches with Player and Venue Data,2025,Spring 2025,,cricket,"ESPN Cricinfo Statsguru T20I batting and bowling innings via the cricketdata R package (Hyndman); 1,029 T20Is between full ICC members",,,,,yes,https://github.com/ArchithSharma/CricketPredictions,partial,ESPN cricket summary wrappers + parse_cricket_summary give per-match player batting/bowling; gap: no bulk Statsguru T20I history loader,committed
md/library/journals/Wharton Sports Analytics Journal/2025/2025 - Testing the Bottleneck Hypothesis in Professional Tennis Rankings - Richey et al.md,Testing the ‘Bottleneck’ Hypothesis in Professional Tennis Rankings,2025,Spring 2025,,tennis,"ATP Tour website year-end rankings and points (2011-2019, 2022-2024); Jeff Sackmann open-source Elo ratings 2023-2024; ATP point tables and tournament schedule",,,,,no,,none,gap: tennis rankings and Elo data are outside SDV,committed
md/library/journals/Wharton Sports Analytics Journal/2025/2025 - The Risk and the Reward An In-depth Evaluation of Strategic Aggressiveness in Men s Tennis - Venkatesh et al.md,The Risk and the Reward: An In-depth Evaluation of Strategic Aggressiveness in Men’s Tennis,2025,Spring 2025,,tennis,"Jeff Sackmann Match Charting Project (men, 2020-2023); ATP rankings scraped from ESPN",,,,,no,,none,gap: SDV has no tennis shot-by-shot or ATP ranking data,committed
"md/library/journals/Wharton Sports Analytics Journal/2025/2025 - To What Extent Do Socioeconomic Factors Such as HDI, Continental Origin, and Previous Host Advantage Affect Paralympic Medal Winning - Elagamawy et al.md","To What Extent Do Socioeconomic Factors Such as HDI, Continental Origin, and Previous Host Advantage Affect Paralympic Medal Winning?",2025,Spring 2025,,Paralympics,Paris 2024 Paralympics official website medal counts; UNDP Human Development Reports (HDI),,,,,no,,none,gap: Olympic/Paralympic medal tables and UNDP HDI are outside SDV,committed
md/library/journals/Wharton Sports Analytics Journal/2025/2025 - Using Machine Learning to Construct Optimal Team Rosters in the Modern NBA - Patel.md,Using Machine Learning to Construct Optimal Team Rosters in the Modern NBA,2025,Spring 2025,,NBA,"Basketball Reference per-100-possession and shooting-distance statistics 2014/15-2023/24; Kaggle (unspecified dataset, physical traits)",,,,,no,,partial,"nba_stats_leaguedashplayerstats (Per100), nba_stats_shotchartdetail distance bins, rosters, schedules; gap: exact B-Ref splits and the unnamed Kaggle table",committed
md/library/journals/Wharton Sports Analytics Journal/2025/2025 - A Comparative Analysis of Rating Systems in the US Junior Tennis Development Pathway - Abramson.md,A Comparative Analysis of Rating Systems in the US Junior Tennis Development Pathway,2025,Fall 2025,,tennis,"Match Tennis App (matchtennisapp.com) weekly UTR/WTN/USTA ranking snapshots scraped with Octoparse, Jan-Jul 2024; USTA official website match results; USTA 2024 sectional quota data",,,,,no,,none,gap: SDV has no tennis match results or UTR/WTN rating data,committed
md/library/journals/Wharton Sports Analytics Journal/2025/2025 - A Run Expectancy Approach to Lead Distance Optimization in Major League Baseball - Dodson et al.md,A Run Expectancy Approach to Lead Distance Optimization in Major League Baseball,2025,Fall 2025,,MLB,"MLB-provided 2024 pitch-level data with primary/secondary lead distances (pickoffs, sample of takes, steal attempts); Baseball Savant sprint speed, catcher pop time, Net Bases Prevented; Baseball Savant linear weights; FanGraphs RE24",,,,,no,,none,gap: pitch-level lead distances (MLB-provided); only Savant sprint speed/pop time/basestealing aggregates via mlb_statcast_leaderboard_*,committed
md/library/journals/Wharton Sports Analytics Journal/2025/2025 - AI Special Feature AI-Assisted Substitution Decisions A Fuzzy Logic Approach to Real-Time Game Management - Farias.md,AI Special Feature: AI-Assisted Substitution Decisions: A Fuzzy Logic Approach to Real-Time Game Management,2025,Fall 2025,,soccer,"Soccer match event dataset (Pappalardo 2020, Wyscout, via Kaggle): matches, events, players, playerank.csv",,,,,yes,https://github.com/Pedro-Passos77/Sistema-de-Apoio-a-Decisao-Baseado-em-Logica-Nebulosa,none,"gap: Wyscout/Pappalardo event data and PlayeRank scores (ESPN soccer summaries give lineups, subs and cards only)",committed
"md/library/journals/Wharton Sports Analytics Journal/2025/2025 - Beyond the Hot Hand Skill, Experience, and Context as Determinants of Elite Badminton Performance - Kuthiala.md","Beyond the Hot Hand: Skill, Experience, and Context as Determinants of Elite Badminton Performance",2025,Fall 2025,,badminton,"BWF World Tour men's singles match data Jan 2018-Apr 2021, scraped from the official BWF website",,,,,no,,none,gap: badminton is not covered by SDV,committed
md/library/journals/Wharton Sports Analytics Journal/2025/2025 - Boosting Draft Accuracy A Two-Stage Classifier Regressor Approach for NFL Wide Receiver Prospect Evaluation - Patangi.md,Boosting Draft Accuracy: A Two-Stage Classifier–Regressor Approach for NFL Wide Receiver Prospect Evaluation,2025,Fall 2025,,NFL,nfl_data_py NFL Combine data 2000-2024 (2021 excluded); Sports Reference college receiving stats 1999-2023,,,nfl_data_py,"nfl_data_py: ""sition with proper evaluation on unseen data. ## 103 Methods ## 105 Data 106 Using the nfl_data_py Python library, we compiled NFL Combine data for all wide receivers who attended between""",no,,partial,load_nfl_combine + load_nfl_draft_picks supply combine and draft; gap: college receiving stats before 2004 (CFB player boxes start 2004),committed
md/library/journals/Wharton Sports Analytics Journal/2025/2025 - Forecasting NFL Wide Receiver Touchdowns with a Temporal Linear Regression Model - Chung.md,Forecasting NFL Wide Receiver Touchdowns with a Temporal Linear Regression Model,2025,Fall 2025,,NFL,"Pro-Football-Reference receiving, rushing, team and red-zone stats, WR seasons 1990-2024",,,,,no,,partial,load_nfl_player_stats + load_nfl_pbp (red-zone splits) from 1999; gap: 1990-1998 seasons,committed
md/library/journals/Wharton Sports Analytics Journal/2025/2025 - Modeling Realistic Placement Probabilities in Speedcubing Using Kernel Density Estimation (KDE) - Saito.md,Modeling Realistic Placement Probabilities in Speedcubing Using Kernel Density Estimation (KDE),2025,Fall 2025,,speedcubing,World Cube Association (WCA) results database SQL export; optional csTimer practice-solve exports,,,,,referenced,,none,gap: WCA results and csTimer solves are outside SDV,committed
md/library/journals/Wharton Sports Analytics Journal/2025/2025 - Multi-Model Consensus an Ensemble Approach to Basketball Predictions - Gupta.md,Multi-Model Consensus: an Ensemble Approach to Basketball Predictions,2025,Fall 2025,High School Data Science Competition,WBB,"Wharton High School Data Science Competition 2025 dataset: 5,327 NCAA Division I women's basketball games 2021-22 (box scores, rest days, travel distance, attendance); competition region assignments and East-region matchup file",,,,,yes,https://github.com/shivamCode0/whsdsc-2025,partial,load_wbb_team_boxscore / load_wbb_schedule 2022 for box scores and dates; gap: competition travel-distance fields and region/matchup files,committed
md/library/journals/Wharton Sports Analytics Journal/2025/2025 - Optimizing Lead Distance - Whitney-Epstein et al.md,Optimizing Lead Distance,2025,Fall 2025,Rookie Review,MLB,Baseball Savant basestealing run value and pitcher running game leaderboards (2024-2025); Savant linear weights; sprint speed; catcher pop time,,,,,no,,partial,"mlb_statcast leaderboards (running game, sprint speed, catcher pop time, basestealing run value); gap: pitch-level lead distance",committed
md/library/journals/Wharton Sports Analytics Journal/2025/2025 - PRSS A New Metric to Quantify Pocket Collapses in the National Football League - Hafiz et al.md,PRSS: A New Metric to Quantify Pocket Collapses in the National Football League,2025,Fall 2025,,NFL,"NFL Big Data Bowl 2023 player-tracking and play-by-play data (2021 season, Weeks 1-5)",,,,,referenced,,none,gap: player-tracking frames (Big Data Bowl) are outside SDV,committed
md/library/journals/Wharton Sports Analytics Journal/2025/2025 - Quantifying the Drivers of Serve Effectiveness in Men s Tennis - Chen et al.md,Quantifying the Drivers of Serve Effectiveness in Men’s Tennis,2025,Fall 2025,,tennis,"Jeff Sackmann tennis point-by-point data, US Open men’s singles 2018-2019 and 2021-2024",,,,,yes,https://github.com/whartonmoneyball/serve-performance,none,gap: SDV covers no tennis data,committed
md/library/journals/Wharton Sports Analytics Journal/2025/2025 - Re-evaluating the Qualifying Finish Relationship in Formula One A Replication and Correction of Prior Findings - Weissbock et al.md,Re-evaluating the Qualifying/Finish Relationship in Formula One: A Replication and Correction of Prior Findings,2025,Fall 2025,,F1,"Official race results scraped from Formula1.com, 2006-2023 (practice, qualifying, grid and race classifications)",,,,,no,,none,gap: no Formula One results or timing data in SDV,committed
md/library/journals/Wharton Sports Analytics Journal/2025/2025 - Using Injury-Risk Forecasting to Quantify Financial Impact in the NBA - Wang.md,Using Injury-Risk Forecasting to Quantify Financial Impact in the NBA,2025,Fall 2025,,NBA,Kaggle nba-injuries-2010-2018 (Hopkins); Kaggle NBA Traditional team stats (Jozwiak); Kaggle NBA players data (justinas); Kaggle NBA games_details (Lauga); Kaggle NBA player stats and salaries 2010-2025 (Ratin21),,,,,no,,partial,load_nba_player_boxscore/load_nba_team_boxscore + rosters for minutes and workload; gap: NBA injury/IL transaction logs and salaries,committed
md/library/journals/Wharton Sports Analytics Journal/2025/2025 - Using Markov Chains and Statistical Analysis to Model Intentional Fouling Situations in NCAA Division 1 Men s Basketball - Sengupta.md,Using Markov Chains and Statistical Analysis to Model Intentional Fouling Situations in NCAA Division 1 Men’s Basketball,2025,Fall 2025,,MBB,"ESPN NCAA D1 men's basketball play-by-play, 2024-25 season (>4,000 games) scraped with CBBpy",,,,,yes,https://github.com/anirudhsengupta/fouling-in-NCAAD1MBB,full,load_mbb_pbp(2025) / espn_mbb_pbp supply the same ESPN play-by-play,committed
md/library/journals/Wharton Sports Analytics Journal/2026/2026 - A Unified Server Quality Metric for Tennis - Li et al.md,A Unified Server Quality Metric for Tennis,2026,Spring 2026,,tennis,"Jeff Sackmann public tennis point-by-point data, Wimbledon and U.S. Open singles 2018-2019, 2021-2024; welo R package (weighted Elo)",,,,,referenced,,none,gap: tennis point-by-point serve data (Sackmann Grand Slam pbp) and wElo are outside SDV,committed
"md/library/journals/Wharton Sports Analytics Journal/2026/2026 - Age-Structured Transition Analysis of Competitive Exit in U.S. Fencing Continuation, Temporary Absence, Return, and Terminal Non-Return - Liu.md","Age-Structured Transition Analysis of Competitive Exit in U.S. Fencing: Continuation, Temporary Absence, Return, and Terminal Non-Return",2026,Spring 2026,,fencing,USA Fencing membership data (2020-21 cohort); USA Fencing competition histories 2017-2025 accessed through FencingTracker,,,,,no,,none,gap: fencing competition/membership records are not covered by SDV,committed
md/library/journals/Wharton Sports Analytics Journal/2026/2026 - All-Star Based Evaluation of Draft Value Curves Across Major North American Sports Leagues - Abell et al.md,All-Star Based Evaluation of Draft Value Curves Across Major North American Sports Leagues,2026,Spring 2026,,multi-sport,"Sports Reference (Pro-Football-, Basketball-, Hockey-Reference awards indexes); Baseball-Reference; Kaggle NBA All-Star game data, NBA drafts 1947-2018, NHL draft 1963-2022; baseballr",baseballr,"baseballr: ""28(3), 65–70. Petti, B., Gilani, S., Baumer, B., Dilday, B., Frey, R., & Kay, C. (2024). baseballr: Acquiring and analyzing baseball data (Version 1.6.0) [R package]. https://billpetti.git""",,,no,,partial,load_nfl_draft_picks (with Pro Bowl counts) + NBA/NHL/MLB draft tables; gap: NBA/NHL/MLB career All-Star selection histories,committed
md/library/journals/Wharton Sports Analytics Journal/2026/2026 - Beyond the Expert An Algorithmic Approach to Correcting Expert Bias in Fantasy Football Projections - Jayanti.md,Beyond the Expert: An Algorithmic Approach to Correcting Expert Bias in Fantasy Football Projections,2026,Spring 2026,,NFL,"Kaggle 'NFL stats 1999-2022' yearly player offense (Hyde, 2012-2024); ESPN 2025 preseason fantasy projections and final 2025 PPR rankings (scraped)",,,,,yes,https://github.com/vishnudattaj/NFL-Fantasy,partial,load_nfl_player_stats (season level) for lagged features and targets; gap: ESPN preseason fantasy projections,committed
md/library/journals/Wharton Sports Analytics Journal/2026/2026 - Integrating Dynamic Defensive Geometry and Match-State Context in Probabilistic Shot Quality Assessment An Advanced Expected Goals Modeling - Singh.md,Integrating Dynamic Defensive Geometry and Match-State Context in Probabilistic Shot Quality Assessment: An Advanced Expected Goals Modeling Framework,2026,Spring 2026,,soccer,"StatsBomb open data event and lineup JSON, including shot freeze frames (~87k shots)",,,StatsBomb,"StatsBomb: ""framework with improved data pipeline, richer features, and interactive deployment. Using StatsBomb event data, we implement thorough cleaning (merging event and lineup JSON, extracting fre""",yes,https://github.com/mobambas/xG-NextGen,none,gap: StatsBomb events and freeze frames; SDV soccer has no shot coordinates or spatial event data,committed
md/library/journals/Wharton Sports Analytics Journal/2026/2026 - Kicking for Goal or Touch An Expected Points Framework for Penalty Decisions in Rugby Union - Watts et al.md,Kicking for Goal or Touch? An Expected Points Framework for Penalty Decisions in Rugby Union,2026,Spring 2026,,rugby,"Premiership Rugby 2018/19 phase-level event logs (Martinez-Arastey et al. 2025), 132 matches; penalty-kick dataset 2000-2012 (international, Super Rugby, NPC; Quarrie and Hopkins 2015) provided by Ken Quarrie",,,,,yes,https://github.com/WhartonSABI/rugby-ep,none,gap: rugby union is not covered by SDV,committed
md/library/journals/Wharton Sports Analytics Journal/2026/2026 - Opponent-Adjusted Evaluation of NFL Pass Blocking and Pass Rushing Performance - Pipping-Gam n et al.md,Opponent-Adjusted Evaluation of NFL Pass Blocking and Pass Rushing Performance,2026,Spring 2026,,NFL,"Hudl NFL player-tracking data, 2021 regular season (10 Hz, engagement annotations); 2021 AP All-Pro selections; Eager (2018) PFF EPA benchmarks for severity weights",,,,,yes,https://github.com/WhartonSABI/nfl-elo,none,gap: tracking frames and blocker-rusher engagement labels (Hudl/NGS) not in SDV,committed
md/library/journals/Wharton Sports Analytics Journal/2026/2026 - Performance Analysis in the Brazilian Soccer League Applying Machine Learning Techniques to Team Evaluation - Barbeiro.md,Performance Analysis in the Brazilian Soccer League: Applying Machine Learning Techniques to Team Evaluation,2026,Spring 2026,,soccer,basedosdados.org (Transfermarkt-sourced Brazilian Serie A match statistics 2003-2024); football-data.co.uk average betting odds 2012-2024; modeling uses 2019 only,,,,,no,,partial,"ESPN soccer wrappers (bra.1) schedule + parse_soccer_summary team stats and lineups; gap: football-data.co.uk betting odds, Transfermarkt squad ages",committed
md/library/journals/Wharton Sports Analytics Journal/2026/2026 - Real-Time Basketball Jumpshot Detection on iOS A Comparative Analysis of Linear Regression and Random Forest Classification Using Apple s Vi - Meng.md,Real-Time Basketball Jumpshot Detection on iOS: A Comparative Analysis of Linear Regression and Random Forest Classification Using Apple’s Vision Framework,2026,Spring 2026,,basketball,"Self-recorded iPhone video, 8 shooting sessions, 8,410 manually annotated frames; Apple Vision framework pose landmarks",,,,,no,,none,gap: video / pose-landmark data are outside SDV,committed
md/library/journals/Wharton Sports Analytics Journal/2026/2026 - The Contract Effect Why NHL Players Perform Differently When Money Is on the Line - Palisin.md,The Contract Effect: Why NHL Players Perform Differently When Money Is on the Line,2026,Spring 2026,,NHL,PuckPedia (contracts); ESPN; Hockey-Reference; MoneyPuck (advanced metrics); skaters with 3+ year contracts signed 2013-2025,,,,,no,,partial,"load_nhl_pbp + nhl_xg and nhl_stats_rest skater reports for season stats; gap: PuckPedia contracts, MoneyPuck official xG and high-danger metrics",committed
md/library/journals/Wharton Sports Analytics Journal/2023/2023 - Against All Odds Leicester City s Triumphant Journey to Premier League Glory - Lu et al.md,Against All Odds: Leicester City’s Triumphant Journey to Premier League Glory,2023,none,Rookie Review,soccer,Kaggle (unspecified); Sky Sports; Understat (Leicester xG); Capology 2015-16 Premier League payrolls; StatsBomb 'Working with R' guide,,,StatsBomb,"StatsBomb: ""com/team/Leicester https://www.capology.com/uk/premier-league/payrolls/2015-2016/ https://statsbomb.com/wp-content/uploads/2022/08/Working-with-R.pdf""",no,,none,"gap: no soccer xG, passing/possession event data or payrolls in SDV",committed
md/library/journals/Wharton Sports Analytics Journal/2025/2025 - Poise or Panic Breaking Down QB Pressure - Hafiz et al.md,Poise or Panic? Breaking Down QB Pressure,2025,none,Rookie Review,NFL,NFL player-tracking freeze frames from the 2021 season (consistent with Big Data Bowl 2023; source not named); hits/hurries/beats pressure charting,,,,,no,,none,gap: no player tracking frames,committed
md/library/journals/Wharton Sports Analytics Journal/2026/2026 - Predicting WHL Tournament Outcomes Bayesian Mixed-Effects Modeling and Monte Carlo Simulation - Zaslow et al.md,Predicting WHL Tournament Outcomes: Bayesian Mixed-Effects Modeling & Monte Carlo Simulation,2026,none,High School Data Science Competition,hockey,"Wharton High School Data Science Competition simulated World Hockey League event data (32 teams, 1,312 games)",,,,,no,,none,gap: simulated competition data; SDV whl_* is the real Western Hockey League; method portable to load_nhl_pbp + nhl_xg,committed
md/library/journals/Wharton Sports Analytics Journal/2025/2025 - The Curse of the Second Red Bull - Zahn et al.md,The Curse of the Second Red Bull,2025,none,Rookie Review,F1,unstated,,,,,no,,none,gap: SDV covers no Formula 1 qualifying times or telemetry,committed
md/library/journals/Wharton Sports Analytics Journal/2023/2023 - The Drafting Dynasty Which NBA Franchise Dominates the Draft - Dandapani et al.md,The Drafting Dynasty: Which NBA Franchise Dominates the Draft?,2023,none,Rookie Review,NBA,unstated (career Win Shares and draft position; Basketball-Reference implied),,,,,no,,none,gap: official Win Shares and pre-2002 seasons; only draft order is available via the NBA draft loader,committed
